duration_ms,explicit,external_urls,name,track_number,uri,album,danceability,energy,key,loudness,mode,speechiness,acousticness,instrumentalness,liveness,valence,tempo,analysis_url
295413,False,{'spotify': 'https://open.spotify.com/track/5lFDIbYMcFHPPgzMcnPqSz'},State Of Grace (Taylor's Version),1,spotify:track:5lFDIbYMcFHPPgzMcnPqSz,Red (Taylor's Version),0.594,0.713,9,-5.314,1,0.0503,0.000328,0.0,0.114,0.328,129.958,https://api.spotify.com/v1/audio-analysis/5lFDIbYMcFHPPgzMcnPqSz
223093,False,{'spotify': 'https://open.spotify.com/track/78c485atQVK19038U2RUld'},Red (Taylor's Version),2,spotify:track:78c485atQVK19038U2RUld,Red (Taylor's Version),0.516,0.777,1,-4.908,0,0.0375,0.00108,1.62e-06,0.0761,0.408,125.047,https://api.spotify.com/v1/audio-analysis/78c485atQVK19038U2RUld
242720,False,{'spotify': 'https://open.spotify.com/track/0YrMTMLpLq1UIkWgghNM6c'},Treacherous (Taylor's Version),3,spotify:track:0YrMTMLpLq1UIkWgghNM6c,Red (Taylor's Version),0.645,0.593,2,-6.506,1,0.0288,0.0344,0.000127,0.13,0.299,109.984,https://api.spotify.com/v1/audio-analysis/0YrMTMLpLq1UIkWgghNM6c
219760,False,{'spotify': 'https://open.spotify.com/track/6tNSmBKSjFV1366ASuULfZ'},I Knew You Were Trouble (Taylor's Version),4,spotify:track:6tNSmBKSjFV1366ASuULfZ,Red (Taylor's Version),0.584,0.557,6,-6.371,1,0.0342,0.0129,0.0,0.0576,0.767,154.008,https://api.spotify.com/v1/audio-analysis/6tNSmBKSjFV1366ASuULfZ
329160,False,{'spotify': 'https://open.spotify.com/track/1IBhYEvvi02tDVByxIiTh4'},All Too Well (Taylor's Version),5,spotify:track:1IBhYEvvi02tDVByxIiTh4,Red (Taylor's Version),0.44,0.528,0,-7.809,1,0.0317,0.0171,0.00203,0.234,0.132,185.972,https://api.spotify.com/v1/audio-analysis/1IBhYEvvi02tDVByxIiTh4
230960,False,{'spotify': 'https://open.spotify.com/track/2T9WeqSMJJb8YBDHPYGU4p'},22 (Taylor's Version),6,spotify:track:2T9WeqSMJJb8YBDHPYGU4p,Red (Taylor's Version),0.642,0.695,7,-5.62,1,0.0281,0.000443,1.02e-05,0.0753,0.642,103.984,https://api.spotify.com/v1/audio-analysis/2T9WeqSMJJb8YBDHPYGU4p
244586,False,{'spotify': 'https://open.spotify.com/track/6KcTkNLx1IKVDAdexl24kL'},I Almost Do (Taylor's Version),7,spotify:track:6KcTkNLx1IKVDAdexl24kL,Red (Taylor's Version),0.511,0.559,4,-6.587,1,0.0264,0.0167,0.0,0.113,0.248,145.88,https://api.spotify.com/v1/audio-analysis/6KcTkNLx1IKVDAdexl24kL
193146,False,{'spotify': 'https://open.spotify.com/track/31CdkzHnMbvJuKZvtCQfR6'},We Are Never Ever Getting Back Together (Taylor's Version),8,spotify:track:31CdkzHnMbvJuKZvtCQfR6,Red (Taylor's Version),0.567,0.686,7,-6.139,1,0.175,0.0317,1.86e-06,0.0732,0.716,172.014,https://api.spotify.com/v1/audio-analysis/31CdkzHnMbvJuKZvtCQfR6
205786,False,{'spotify': 'https://open.spotify.com/track/1ftFtW8S1621tu0MIQy0Sg'},Stay Stay Stay (Taylor's Version),9,spotify:track:1ftFtW8S1621tu0MIQy0Sg,Red (Taylor's Version),0.693,0.681,0,-7.039,1,0.025,0.0848,0.0,0.0768,0.663,100.02,https://api.spotify.com/v1/audio-analysis/1ftFtW8S1621tu0MIQy0Sg
299080,False,{'spotify': 'https://open.spotify.com/track/2eybKKDV7Naq9DhiUJpJSP'},The Last Time (feat. Gary Lightbody of Snow Patrol) (Taylor’s Version),10,spotify:track:2eybKKDV7Naq9DhiUJpJSP,Red (Taylor's Version),0.502,0.534,2,-5.954,1,0.0278,0.0399,0.0,0.0977,0.155,94.05,https://api.spotify.com/v1/audio-analysis/2eybKKDV7Naq9DhiUJpJSP
202960,False,{'spotify': 'https://open.spotify.com/track/661CJWXysgwKXI1dreYNBU'},Holy Ground (Taylor's Version),11,spotify:track:661CJWXysgwKXI1dreYNBU,Red (Taylor's Version),0.622,0.809,9,-5.623,1,0.0638,0.0288,0.00218,0.109,0.511,156.894,https://api.spotify.com/v1/audio-analysis/661CJWXysgwKXI1dreYNBU
284773,False,{'spotify': 'https://open.spotify.com/track/21SralRv4ucDT3i1rYrr85'},Sad Beautiful Tragic (Taylor's Version),12,spotify:track:21SralRv4ucDT3i1rYrr85,Red (Taylor's Version),0.601,0.406,7,-11.827,1,0.0275,0.622,9.19e-05,0.133,0.232,130.059,https://api.spotify.com/v1/audio-analysis/21SralRv4ucDT3i1rYrr85
240466,False,{'spotify': 'https://open.spotify.com/track/6Gr4KvawYKiZBHQWub9n7o'},The Lucky One (Taylor's Version),13,spotify:track:6Gr4KvawYKiZBHQWub9n7o,Red (Taylor's Version),0.686,0.571,4,-7.138,1,0.05,0.066,0.0,0.0608,0.538,117.889,https://api.spotify.com/v1/audio-analysis/6Gr4KvawYKiZBHQWub9n7o
245426,False,{'spotify': 'https://open.spotify.com/track/5uQQcvcXoCwKPK5sYvarzO'},Everything Has Changed (feat. Ed Sheeran) (Taylor’s Version),14,spotify:track:5uQQcvcXoCwKPK5sYvarzO,Red (Taylor's Version),0.498,0.61,6,-5.098,1,0.0363,0.271,0.0,0.223,0.474,79.918,https://api.spotify.com/v1/audio-analysis/5uQQcvcXoCwKPK5sYvarzO
220413,False,{'spotify': 'https://open.spotify.com/track/2bspOurPlpKv27SVt7UbHy'},Starlight (Taylor's Version),15,spotify:track:2bspOurPlpKv27SVt7UbHy,Red (Taylor's Version),0.628,0.685,4,-5.864,1,0.0358,0.00324,0.0,0.18,0.605,126.014,https://api.spotify.com/v1/audio-analysis/2bspOurPlpKv27SVt7UbHy
238866,False,{'spotify': 'https://open.spotify.com/track/38TSM6TDx1fzs7JnioMQXe'},Begin Again (Taylor's Version),16,spotify:track:38TSM6TDx1fzs7JnioMQXe,Red (Taylor's Version),0.519,0.527,7,-7.673,1,0.0274,0.075,0.0,0.132,0.267,78.915,https://api.spotify.com/v1/audio-analysis/38TSM6TDx1fzs7JnioMQXe
285280,False,{'spotify': 'https://open.spotify.com/track/19JrUNf5amGgM9Ui9kdkss'},The Moment I Knew (Taylor's Version),17,spotify:track:19JrUNf5amGgM9Ui9kdkss,Red (Taylor's Version),0.636,0.402,7,-7.855,1,0.031,0.0494,0.0,0.107,0.208,125.952,https://api.spotify.com/v1/audio-analysis/19JrUNf5amGgM9Ui9kdkss
223333,False,{'spotify': 'https://open.spotify.com/track/5XaLWURooWKZiraOWSTWjm'},Come Back...Be Here (Taylor's Version),18,spotify:track:5XaLWURooWKZiraOWSTWjm,Red (Taylor's Version),0.46,0.632,4,-6.031,1,0.0302,0.0158,0.0,0.0822,0.399,79.846,https://api.spotify.com/v1/audio-analysis/5XaLWURooWKZiraOWSTWjm
220520,False,{'spotify': 'https://open.spotify.com/track/6lJPTJCHgLQ4kr69SftElR'},Girl At Home (Taylor's Version),19,spotify:track:6lJPTJCHgLQ4kr69SftElR,Red (Taylor's Version),0.691,0.736,5,-6.974,1,0.0326,0.00955,1.88e-05,0.101,0.612,125.089,https://api.spotify.com/v1/audio-analysis/6lJPTJCHgLQ4kr69SftElR
321640,False,{'spotify': 'https://open.spotify.com/track/3CiOGu8nBPGfrJr4whAOZX'},State Of Grace (Acoustic Version) (Taylor's Version),20,spotify:track:3CiOGu8nBPGfrJr4whAOZX,Red (Taylor's Version),0.445,0.131,7,-13.778,1,0.0564,0.663,1.57e-06,0.108,0.101,208.918,https://api.spotify.com/v1/audio-analysis/3CiOGu8nBPGfrJr4whAOZX
264253,False,{'spotify': 'https://open.spotify.com/track/0WE0h1qUWJBt97DtvuMWRN'},Ronan (Taylor's Version),21,spotify:track:0WE0h1qUWJBt97DtvuMWRN,Red (Taylor's Version),0.623,0.279,0,-10.802,1,0.031,0.661,0.0,0.193,0.38,116.04,https://api.spotify.com/v1/audio-analysis/0WE0h1qUWJBt97DtvuMWRN
297013,False,{'spotify': 'https://open.spotify.com/track/1gWRnZ52AK1ZUvpjjTteKf'},Better Man (Taylor's Version) (From The Vault),22,spotify:track:1gWRnZ52AK1ZUvpjjTteKf,Red (Taylor's Version),0.473,0.579,4,-5.824,1,0.0384,0.214,0.0,0.0877,0.255,73.942,https://api.spotify.com/v1/audio-analysis/1gWRnZ52AK1ZUvpjjTteKf
258812,False,{'spotify': 'https://open.spotify.com/track/44V5YKYkMw9vVqnnYTMMIc'},Nothing New (feat. Phoebe Bridgers) (Taylor’s Version) (From The Vault),23,spotify:track:44V5YKYkMw9vVqnnYTMMIc,Red (Taylor's Version),0.606,0.377,0,-9.455,1,0.0275,0.817,0.0,0.154,0.446,101.96,https://api.spotify.com/v1/audio-analysis/44V5YKYkMw9vVqnnYTMMIc
224240,False,{'spotify': 'https://open.spotify.com/track/1GWuUzSQzL9XSyOy7beCTj'},Babe (Taylor's Version) (From The Vault),24,spotify:track:1GWuUzSQzL9XSyOy7beCTj,Red (Taylor's Version),0.584,0.743,4,-7.075,1,0.0931,0.0538,2.83e-06,0.121,0.746,167.844,https://api.spotify.com/v1/audio-analysis/1GWuUzSQzL9XSyOy7beCTj
225960,False,{'spotify': 'https://open.spotify.com/track/6PdCbJwSOeovMX7kfwiAxb'},Message In A Bottle (Taylor's Version) (From The Vault),25,spotify:track:6PdCbJwSOeovMX7kfwiAxb,Red (Taylor's Version),0.622,0.791,7,-6.106,1,0.0535,0.00188,3.72e-06,0.083,0.494,115.915,https://api.spotify.com/v1/audio-analysis/6PdCbJwSOeovMX7kfwiAxb
285106,False,{'spotify': 'https://open.spotify.com/track/5OGALUjGm5kCEpejHs6vtA'},I Bet You Think About Me (feat. Chris Stapleton) (Taylor’s Version) (From The Vault),26,spotify:track:5OGALUjGm5kCEpejHs6vtA,Red (Taylor's Version),0.403,0.714,0,-4.514,1,0.0488,0.16,0.0,0.179,0.482,149.67,https://api.spotify.com/v1/audio-analysis/5OGALUjGm5kCEpejHs6vtA
263533,False,{'spotify': 'https://open.spotify.com/track/0EepXu0NfnnUX8efEZR167'},Forever Winter (Taylor's Version) (From The Vault),27,spotify:track:0EepXu0NfnnUX8efEZR167,Red (Taylor's Version),0.611,0.552,7,-5.828,1,0.031,0.256,0.0,0.134,0.41,116.012,https://api.spotify.com/v1/audio-analysis/0EepXu0NfnnUX8efEZR167
240226,False,{'spotify': 'https://open.spotify.com/track/5036yFLEPBGtJLTKKmHJBG'},Run (feat. Ed Sheeran) (Taylor’s Version) (From The Vault),28,spotify:track:5036yFLEPBGtJLTKKmHJBG,Red (Taylor's Version),0.61,0.488,3,-6.918,1,0.0293,0.817,0.0,0.312,0.443,125.039,https://api.spotify.com/v1/audio-analysis/5036yFLEPBGtJLTKKmHJBG
200280,False,{'spotify': 'https://open.spotify.com/track/7ovNQzugF7Rf6KYMvcfwSG'},The Very First Night (Taylor's Version) (From The Vault),29,spotify:track:7ovNQzugF7Rf6KYMvcfwSG,Red (Taylor's Version),0.678,0.733,7,-5.025,1,0.0281,0.00115,0.0,0.104,0.581,121.009,https://api.spotify.com/v1/audio-analysis/7ovNQzugF7Rf6KYMvcfwSG
613026,False,{'spotify': 'https://open.spotify.com/track/04m2nJR2Ia6d1ZOt8gi5xA'},All Too Well (10 Minute Version) (Taylor's Version) (From The Vault),30,spotify:track:04m2nJR2Ia6d1ZOt8gi5xA,Red (Taylor's Version),0.631,0.522,0,-8.649,1,0.0302,0.279,0.0,0.0875,0.213,93.0,https://api.spotify.com/v1/audio-analysis/04m2nJR2Ia6d1ZOt8gi5xA
241591,False,{'spotify': 'https://open.spotify.com/track/77sMIMlNaSURUAXq5coCxE'},Fearless (Taylor’s Version),1,spotify:track:77sMIMlNaSURUAXq5coCxE,Fearless (Taylor's Version),0.569,0.741,5,-4.963,1,0.0282,0.0122,0.0,0.333,0.43,100.118,https://api.spotify.com/v1/audio-analysis/77sMIMlNaSURUAXq5coCxE
294419,False,{'spotify': 'https://open.spotify.com/track/2nqio0SfWg6gh2eCtfuMa5'},Fifteen (Taylor’s Version),2,spotify:track:2nqio0SfWg6gh2eCtfuMa5,Fearless (Taylor's Version),0.559,0.646,7,-4.61,1,0.0272,0.116,0.0,0.32,0.289,95.466,https://api.spotify.com/v1/audio-analysis/2nqio0SfWg6gh2eCtfuMa5
235766,False,{'spotify': 'https://open.spotify.com/track/6YvqWjhGD8mB5QXcbcUKtx'},Love Story (Taylor’s Version),3,spotify:track:6YvqWjhGD8mB5QXcbcUKtx,Fearless (Taylor's Version),0.627,0.792,2,-4.311,1,0.031,0.13,3.97e-06,0.0845,0.415,119.054,https://api.spotify.com/v1/audio-analysis/6YvqWjhGD8mB5QXcbcUKtx
254254,False,{'spotify': 'https://open.spotify.com/track/550erGcdD9n6PnwxrvYqZT'},Hey Stephen (Taylor’s Version),4,spotify:track:550erGcdD9n6PnwxrvYqZT,Fearless (Taylor's Version),0.788,0.571,6,-6.135,1,0.0296,0.106,0.0,0.0934,0.797,115.99,https://api.spotify.com/v1/audio-analysis/550erGcdD9n6PnwxrvYqZT
234515,False,{'spotify': 'https://open.spotify.com/track/5YL553x8sHderRBDlm3NM3'},White Horse (Taylor’s Version),5,spotify:track:5YL553x8sHderRBDlm3NM3,Fearless (Taylor's Version),0.423,0.517,0,-7.377,1,0.0486,0.369,0.0,0.177,0.366,185.262,https://api.spotify.com/v1/audio-analysis/5YL553x8sHderRBDlm3NM3
231124,False,{'spotify': 'https://open.spotify.com/track/1qrpoAMXodY6895hGKoUpA'},You Belong With Me (Taylor’s Version),6,spotify:track:1qrpoAMXodY6895hGKoUpA,Fearless (Taylor's Version),0.632,0.773,6,-4.856,1,0.0346,0.0623,0.0,0.0885,0.474,130.033,https://api.spotify.com/v1/audio-analysis/1qrpoAMXodY6895hGKoUpA
263377,False,{'spotify': 'https://open.spotify.com/track/7HC7R2D8WjXVcUHJyEGjRs'},Breathe (feat. Colbie Caillat) (Taylor’s Version),7,spotify:track:7HC7R2D8WjXVcUHJyEGjRs,Fearless (Taylor's Version),0.506,0.626,1,-6.066,1,0.0287,0.156,0.0,0.228,0.321,148.035,https://api.spotify.com/v1/audio-analysis/7HC7R2D8WjXVcUHJyEGjRs
200575,False,{'spotify': 'https://open.spotify.com/track/0k0vFacOHNuArLWMiH60p7'},Tell Me Why (Taylor’s Version),8,spotify:track:0k0vFacOHNuArLWMiH60p7,Fearless (Taylor's Version),0.578,0.909,7,-3.669,1,0.0628,0.0222,0.0,0.333,0.541,100.023,https://api.spotify.com/v1/audio-analysis/0k0vFacOHNuArLWMiH60p7
261842,False,{'spotify': 'https://open.spotify.com/track/6iiAfo4wTA2CVC3Uwx9uh8'},You’re Not Sorry (Taylor’s Version),9,spotify:track:6iiAfo4wTA2CVC3Uwx9uh8,Fearless (Taylor's Version),0.506,0.444,6,-4.99,1,0.0285,0.0538,0.0,0.123,0.241,133.873,https://api.spotify.com/v1/audio-analysis/6iiAfo4wTA2CVC3Uwx9uh8
243136,False,{'spotify': 'https://open.spotify.com/track/22bPsP2jCgbLUvh82U0Z3M'},The Way I Loved You (Taylor’s Version),10,spotify:track:22bPsP2jCgbLUvh82U0Z3M,Fearless (Taylor's Version),0.402,0.732,5,-4.665,1,0.0484,0.0033,0.0,0.108,0.472,161.032,https://api.spotify.com/v1/audio-analysis/22bPsP2jCgbLUvh82U0Z3M
225328,False,{'spotify': 'https://open.spotify.com/track/1msEuwSBneBKpVCZQcFTsU'},Forever & Always (Taylor’s Version),11,spotify:track:1msEuwSBneBKpVCZQcFTsU,Fearless (Taylor's Version),0.598,0.821,10,-4.433,1,0.0447,0.0231,0.0,0.143,0.673,128.03,https://api.spotify.com/v1/audio-analysis/1msEuwSBneBKpVCZQcFTsU
245290,False,{'spotify': 'https://open.spotify.com/track/6ON9UuIq49xXY9GPmHIYRp'},The Best Day (Taylor’s Version),12,spotify:track:6ON9UuIq49xXY9GPmHIYRp,Fearless (Taylor's Version),0.642,0.576,1,-8.524,1,0.0282,0.488,0.0,0.159,0.469,125.0,https://api.spotify.com/v1/audio-analysis/6ON9UuIq49xXY9GPmHIYRp
279359,False,{'spotify': 'https://open.spotify.com/track/3ExweHKZF9B752DPQByRVT'},Change (Taylor’s Version),13,spotify:track:3ExweHKZF9B752DPQByRVT,Fearless (Taylor's Version),0.499,0.815,5,-4.063,1,0.0341,0.000191,0.0,0.181,0.344,95.999,https://api.spotify.com/v1/audio-analysis/3ExweHKZF9B752DPQByRVT
237580,False,{'spotify': 'https://open.spotify.com/track/2m3ObD945KvpE5y9A1eUWm'},Jump Then Fall (Taylor’s Version),14,spotify:track:2m3ObD945KvpE5y9A1eUWm,Fearless (Taylor's Version),0.572,0.69,2,-6.201,1,0.0358,0.0474,0.0,0.0897,0.624,160.111,https://api.spotify.com/v1/audio-analysis/2m3ObD945KvpE5y9A1eUWm
312107,False,{'spotify': 'https://open.spotify.com/track/0tQ9vBYpldCuikPsbgOVKA'},Untouchable (Taylor’s Version),15,spotify:track:0tQ9vBYpldCuikPsbgOVKA,Fearless (Taylor's Version),0.393,0.531,5,-6.112,1,0.0329,0.0181,0.0,0.169,0.224,200.391,https://api.spotify.com/v1/audio-analysis/0tQ9vBYpldCuikPsbgOVKA
267833,False,{'spotify': 'https://open.spotify.com/track/01QdEx6kFr78ZejhQtWR5m'},Forever & Always (Piano Version) (Taylor’s Version),16,spotify:track:01QdEx6kFr78ZejhQtWR5m,Fearless (Taylor's Version),0.546,0.273,9,-9.208,1,0.0308,0.819,0.0,0.137,0.271,118.753,https://api.spotify.com/v1/audio-analysis/01QdEx6kFr78ZejhQtWR5m
237338,False,{'spotify': 'https://open.spotify.com/track/1n2wszmJyVkw6FHqyLnQsY'},Come In With The Rain (Taylor’s Version),17,spotify:track:1n2wszmJyVkw6FHqyLnQsY,Fearless (Taylor's Version),0.476,0.564,2,-5.677,1,0.0269,0.0406,0.0,0.102,0.167,143.929,https://api.spotify.com/v1/audio-analysis/1n2wszmJyVkw6FHqyLnQsY
263865,False,{'spotify': 'https://open.spotify.com/track/51A8eKvvZz9uydvIZ7xRSV'},Superstar (Taylor’s Version),18,spotify:track:51A8eKvvZz9uydvIZ7xRSV,Fearless (Taylor's Version),0.454,0.555,2,-6.69,1,0.0283,0.157,0.0,0.343,0.171,171.862,https://api.spotify.com/v1/audio-analysis/51A8eKvvZz9uydvIZ7xRSV
238443,False,{'spotify': 'https://open.spotify.com/track/1cSFlSBdpT4F5vb1frQ231'},The Other Side Of The Door (Taylor’s Version),19,spotify:track:1cSFlSBdpT4F5vb1frQ231,Fearless (Taylor's Version),0.432,0.873,4,-4.367,1,0.0577,0.0279,0.0,0.167,0.629,163.936,https://api.spotify.com/v1/audio-analysis/1cSFlSBdpT4F5vb1frQ231
241822,False,{'spotify': 'https://open.spotify.com/track/2JoJrsEV15OzbijS47lids'},Today Was A Fairytale (Taylor’s Version),20,spotify:track:2JoJrsEV15OzbijS47lids,Fearless (Taylor's Version),0.482,0.779,7,-5.025,1,0.0409,0.0135,0.0,0.296,0.328,158.162,https://api.spotify.com/v1/audio-analysis/2JoJrsEV15OzbijS47lids
220839,False,{'spotify': 'https://open.spotify.com/track/4CHpVfAhuxNJ3ibExe6kxO'},You All Over Me (feat. Maren Morris) (Taylor’s Version) (From The Vault),21,spotify:track:4CHpVfAhuxNJ3ibExe6kxO,Fearless (Taylor's Version),0.599,0.494,2,-7.61,1,0.0372,0.816,0.0,0.101,0.44,142.893,https://api.spotify.com/v1/audio-analysis/4CHpVfAhuxNJ3ibExe6kxO
277591,False,{'spotify': 'https://open.spotify.com/track/2CYVETnhM9aytqrazYYwrK'},Mr. Perfectly Fine (Taylor’s Version) (From The Vault),22,spotify:track:2CYVETnhM9aytqrazYYwrK,Fearless (Taylor's Version),0.66,0.817,11,-6.269,0,0.0521,0.162,0.0,0.0667,0.714,135.942,https://api.spotify.com/v1/audio-analysis/2CYVETnhM9aytqrazYYwrK
244236,False,{'spotify': 'https://open.spotify.com/track/34V9RiEPe8MNdU32qJsJa1'},We Were Happy (Taylor’s Version) (From The Vault),23,spotify:track:34V9RiEPe8MNdU32qJsJa1,Fearless (Taylor's Version),0.609,0.373,0,-8.819,1,0.0263,0.849,0.0,0.0779,0.13,106.007,https://api.spotify.com/v1/audio-analysis/34V9RiEPe8MNdU32qJsJa1
189495,False,{'spotify': 'https://open.spotify.com/track/7eResoqEJJAVTkQYSqvO3P'},That’s When (feat. Keith Urban) (Taylor’s Version) (From The Vault),24,spotify:track:7eResoqEJJAVTkQYSqvO3P,Fearless (Taylor's Version),0.588,0.608,5,-7.062,1,0.0365,0.225,0.0,0.092,0.508,90.201,https://api.spotify.com/v1/audio-analysis/7eResoqEJJAVTkQYSqvO3P
208608,False,{'spotify': 'https://open.spotify.com/track/4uuEGH5SVuzkkSFjo2DEiY'},Don’t You (Taylor’s Version) (From The Vault),25,spotify:track:4uuEGH5SVuzkkSFjo2DEiY,Fearless (Taylor's Version),0.563,0.473,3,-11.548,1,0.0503,0.514,1.2e-05,0.109,0.405,101.934,https://api.spotify.com/v1/audio-analysis/4uuEGH5SVuzkkSFjo2DEiY
242157,False,{'spotify': 'https://open.spotify.com/track/4qUijfYU8EoIWiY6oSyrgT'},Bye Bye Baby (Taylor’s Version) (From The Vault),26,spotify:track:4qUijfYU8EoIWiY6oSyrgT,Fearless (Taylor's Version),0.624,0.624,5,-7.86,1,0.0539,0.334,0.0,0.0995,0.527,80.132,https://api.spotify.com/v1/audio-analysis/4qUijfYU8EoIWiY6oSyrgT
214706,False,{'spotify': 'https://open.spotify.com/track/58P060mo9WWgEAdDvf0Riz'},willow,1,spotify:track:58P060mo9WWgEAdDvf0Riz,evermore (deluxe version),0.392,0.579,7,-9.195,1,0.164,0.835,0.00179,0.145,0.549,80.961,https://api.spotify.com/v1/audio-analysis/58P060mo9WWgEAdDvf0Riz
244000,False,{'spotify': 'https://open.spotify.com/track/0fVrVe7Vxd3nmbJDiuX4cv'},champagne problems,2,spotify:track:0fVrVe7Vxd3nmbJDiuX4cv,evermore (deluxe version),0.463,0.248,0,-12.036,1,0.0374,0.92,0.0,0.113,0.325,171.346,https://api.spotify.com/v1/audio-analysis/0fVrVe7Vxd3nmbJDiuX4cv
185320,False,{'spotify': 'https://open.spotify.com/track/4mPOHhdmdCePudiBDbAiPl'},gold rush,3,spotify:track:4mPOHhdmdCePudiBDbAiPl,evermore (deluxe version),0.498,0.471,9,-10.406,1,0.0411,0.811,0.113,0.121,0.351,112.018,https://api.spotify.com/v1/audio-analysis/4mPOHhdmdCePudiBDbAiPl
229840,False,{'spotify': 'https://open.spotify.com/track/6cpa32VdG5US2mYGNBbF9I'},‘tis the damn season,4,spotify:track:6cpa32VdG5US2mYGNBbF9I,evermore (deluxe version),0.575,0.435,5,-8.193,1,0.0311,0.737,5.38e-05,0.105,0.351,145.91,https://api.spotify.com/v1/audio-analysis/6cpa32VdG5US2mYGNBbF9I
245440,False,{'spotify': 'https://open.spotify.com/track/5U0MyuuCoOoniHLQFLazLF'},tolerate it,5,spotify:track:5U0MyuuCoOoniHLQFLazLF,evermore (deluxe version),0.373,0.36,9,-10.376,1,0.0387,0.878,1.54e-05,0.079,0.212,147.442,https://api.spotify.com/v1/audio-analysis/5U0MyuuCoOoniHLQFLazLF
215626,False,{'spotify': 'https://open.spotify.com/track/257CUonahBouFWEhouuLYQ'},"no body, no crime (feat. HAIM)",6,spotify:track:257CUonahBouFWEhouuLYQ,evermore (deluxe version),0.547,0.613,7,-7.577,0,0.0264,0.431,0.0,0.102,0.528,79.011,https://api.spotify.com/v1/audio-analysis/257CUonahBouFWEhouuLYQ
315146,False,{'spotify': 'https://open.spotify.com/track/7FDAG4nHExiYsHq6q7cmEn'},happiness,7,spotify:track:7FDAG4nHExiYsHq6q7cmEn,evermore (deluxe version),0.558,0.331,11,-10.649,1,0.0381,0.861,0.0,0.113,0.201,122.035,https://api.spotify.com/v1/audio-analysis/7FDAG4nHExiYsHq6q7cmEn
225880,False,{'spotify': 'https://open.spotify.com/track/25TmHz7flNEc2Knau9iFFL'},dorothea,8,spotify:track:25TmHz7flNEc2Knau9iFFL,evermore (deluxe version),0.607,0.488,4,-8.329,1,0.0264,0.694,0.0,0.129,0.361,119.953,https://api.spotify.com/v1/audio-analysis/25TmHz7flNEc2Knau9iFFL
275320,False,{'spotify': 'https://open.spotify.com/track/1ofQwiozMPRwf5g9MIjaHx'},coney island (feat. The National),9,spotify:track:1ofQwiozMPRwf5g9MIjaHx,evermore (deluxe version),0.529,0.536,8,-11.269,1,0.0627,0.826,0.00082,0.141,0.304,107.873,https://api.spotify.com/v1/audio-analysis/1ofQwiozMPRwf5g9MIjaHx
260440,False,{'spotify': 'https://open.spotify.com/track/3fs5SqsBJmczNrdMEn2hlr'},ivy,10,spotify:track:3fs5SqsBJmczNrdMEn2hlr,evermore (deluxe version),0.329,0.547,2,-9.514,1,0.0397,0.848,1.11e-05,0.088,0.522,86.629,https://api.spotify.com/v1/audio-analysis/3fs5SqsBJmczNrdMEn2hlr
275040,False,{'spotify': 'https://open.spotify.com/track/279zump7XNXCTElaqukWFr'},cowboy like me,11,spotify:track:279zump7XNXCTElaqukWFr,evermore (deluxe version),0.605,0.513,0,-8.962,1,0.0337,0.774,0.000177,0.123,0.512,127.986,https://api.spotify.com/v1/audio-analysis/279zump7XNXCTElaqukWFr
215920,False,{'spotify': 'https://open.spotify.com/track/3H4F4JXYfyxSxY3vf8gIr4'},long story short,12,spotify:track:3H4F4JXYfyxSxY3vf8gIr4,evermore (deluxe version),0.546,0.732,0,-7.715,1,0.0423,0.674,0.184,0.0972,0.571,157.893,https://api.spotify.com/v1/audio-analysis/3H4F4JXYfyxSxY3vf8gIr4
257773,False,{'spotify': 'https://open.spotify.com/track/77fHtse81VKtp5CECYhl8D'},marjorie,13,spotify:track:77fHtse81VKtp5CECYhl8D,evermore (deluxe version),0.535,0.562,5,-11.615,1,0.0479,0.878,0.000132,0.114,0.294,96.103,https://api.spotify.com/v1/audio-analysis/77fHtse81VKtp5CECYhl8D
180653,False,{'spotify': 'https://open.spotify.com/track/3RJxSWIqAuu3rCBttc6f5j'},closure,14,spotify:track:3RJxSWIqAuu3rCBttc6f5j,evermore (deluxe version),0.686,0.705,9,-10.823,1,0.249,0.832,4.55e-06,0.134,0.919,151.868,https://api.spotify.com/v1/audio-analysis/3RJxSWIqAuu3rCBttc6f5j
304106,False,{'spotify': 'https://open.spotify.com/track/307GTVXXkcVBH1WQm1sMCd'},evermore (feat. Bon Iver),15,spotify:track:307GTVXXkcVBH1WQm1sMCd,evermore (deluxe version),0.395,0.27,1,-10.672,1,0.0309,0.937,0.00249,0.111,0.314,120.94,https://api.spotify.com/v1/audio-analysis/307GTVXXkcVBH1WQm1sMCd
245026,False,{'spotify': 'https://open.spotify.com/track/1BwXCMe8F4goPwResZJPHb'},right where you left me - bonus track,16,spotify:track:1BwXCMe8F4goPwResZJPHb,evermore (deluxe version),0.581,0.619,10,-6.524,1,0.0282,0.769,0.000106,0.117,0.645,137.915,https://api.spotify.com/v1/audio-analysis/1BwXCMe8F4goPwResZJPHb
254640,False,{'spotify': 'https://open.spotify.com/track/2E2BEJrIiMTRnmDnasT9vb'},it’s time to go - bonus track,17,spotify:track:2E2BEJrIiMTRnmDnasT9vb,evermore (deluxe version),0.592,0.41,0,-12.426,1,0.0397,0.801,1.39e-05,0.09,0.416,151.923,https://api.spotify.com/v1/audio-analysis/2E2BEJrIiMTRnmDnasT9vb
210251,False,{'spotify': 'https://open.spotify.com/track/5WWzC95Mqp3OYgJCHwjHdY'},the 1,1,spotify:track:5WWzC95Mqp3OYgJCHwjHdY,folklore (deluxe version),0.765,0.348,0,-6.963,1,0.0579,0.764,1.01e-05,0.108,0.171,140.016,https://api.spotify.com/v1/audio-analysis/5WWzC95Mqp3OYgJCHwjHdY
239560,False,{'spotify': 'https://open.spotify.com/track/1PybBpkSEB46GS1TF9n3e3'},cardigan,2,spotify:track:1PybBpkSEB46GS1TF9n3e3,folklore (deluxe version),0.613,0.581,0,-8.588,0,0.0424,0.537,0.000345,0.25,0.551,130.033,https://api.spotify.com/v1/audio-analysis/1PybBpkSEB46GS1TF9n3e3
230999,False,{'spotify': 'https://open.spotify.com/track/1oyvfXXSKGurQV68wZq8aK'},the last great american dynasty,3,spotify:track:1oyvfXXSKGurQV68wZq8aK,folklore (deluxe version),0.684,0.661,7,-8.507,1,0.0407,0.473,0.00215,0.109,0.713,147.909,https://api.spotify.com/v1/audio-analysis/1oyvfXXSKGurQV68wZq8aK
285634,False,{'spotify': 'https://open.spotify.com/track/160aOpD0QnQdUHBbWbojTx'},exile (feat. Bon Iver),4,spotify:track:160aOpD0QnQdUHBbWbojTx,folklore (deluxe version),0.298,0.38,6,-8.426,1,0.0287,0.778,5.62e-05,0.11,0.152,75.602,https://api.spotify.com/v1/audio-analysis/160aOpD0QnQdUHBbWbojTx
255893,False,{'spotify': 'https://open.spotify.com/track/4Ue1tL32N8J4Y2WhcAWlgk'},my tears ricochet,5,spotify:track:4Ue1tL32N8J4Y2WhcAWlgk,folklore (deluxe version),0.469,0.263,0,-10.63,1,0.0329,0.806,0.0,0.0749,0.112,129.86,https://api.spotify.com/v1/audio-analysis/4Ue1tL32N8J4Y2WhcAWlgk
208977,False,{'spotify': 'https://open.spotify.com/track/3zBBJ6LVn8Y9JnDrnPxvMC'},mirrorball,6,spotify:track:3zBBJ6LVn8Y9JnDrnPxvMC,folklore (deluxe version),0.553,0.413,2,-10.037,1,0.0334,0.687,2.33e-06,0.0594,0.379,110.107,https://api.spotify.com/v1/audio-analysis/3zBBJ6LVn8Y9JnDrnPxvMC
208906,False,{'spotify': 'https://open.spotify.com/track/55FiXQZgp3NChLYhYC1rnj'},seven,7,spotify:track:55FiXQZgp3NChLYhYC1rnj,folklore (deluxe version),0.596,0.488,4,-10.769,1,0.0274,0.9,2.7e-05,0.091,0.415,94.922,https://api.spotify.com/v1/audio-analysis/55FiXQZgp3NChLYhYC1rnj
261922,False,{'spotify': 'https://open.spotify.com/track/5jkmNosiv4Tt9JRP8JqT59'},august,8,spotify:track:5jkmNosiv4Tt9JRP8JqT59,folklore (deluxe version),0.532,0.623,5,-9.208,1,0.0331,0.538,7.28e-05,0.0925,0.403,89.937,https://api.spotify.com/v1/audio-analysis/5jkmNosiv4Tt9JRP8JqT59
195097,False,{'spotify': 'https://open.spotify.com/track/5LRDGLySkHo4G0l32jU2cB'},this is me trying,9,spotify:track:5LRDGLySkHo4G0l32jU2cB,folklore (deluxe version),0.515,0.476,9,-9.843,1,0.0328,0.314,4.74e-05,0.171,0.412,135.886,https://api.spotify.com/v1/audio-analysis/5LRDGLySkHo4G0l32jU2cB
190898,False,{'spotify': 'https://open.spotify.com/track/2gmCOqKc5sc72rtRnhrbKa'},illicit affairs,10,spotify:track:2gmCOqKc5sc72rtRnhrbKa,folklore (deluxe version),0.559,0.31,10,-10.445,1,0.0338,0.881,0.0,0.106,0.46,119.845,https://api.spotify.com/v1/audio-analysis/2gmCOqKc5sc72rtRnhrbKa
252880,False,{'spotify': 'https://open.spotify.com/track/2Uoesc7DCQIE58OECSTYtF'},invisible string,11,spotify:track:2Uoesc7DCQIE58OECSTYtF,folklore (deluxe version),0.653,0.452,4,-11.143,0,0.055,0.838,7.73e-05,0.108,0.45,83.433,https://api.spotify.com/v1/audio-analysis/2Uoesc7DCQIE58OECSTYtF
237258,False,{'spotify': 'https://open.spotify.com/track/3EPwQ6nq2dQEeoRqnm1boe'},mad woman,12,spotify:track:3EPwQ6nq2dQEeoRqnm1boe,folklore (deluxe version),0.596,0.709,5,-8.938,0,0.0431,0.649,9.92e-06,0.114,0.533,141.978,https://api.spotify.com/v1/audio-analysis/3EPwQ6nq2dQEeoRqnm1boe
289749,False,{'spotify': 'https://open.spotify.com/track/0b7rims1HOMhXJVCly981N'},epiphany,13,spotify:track:0b7rims1HOMhXJVCly981N,folklore (deluxe version),0.175,0.267,1,-13.69,1,0.0302,0.731,0.000402,0.0858,0.106,94.203,https://api.spotify.com/v1/audio-analysis/0b7rims1HOMhXJVCly981N
294521,False,{'spotify': 'https://open.spotify.com/track/7w0hHA41usBpo8isfAtl1g'},betty,14,spotify:track:7w0hHA41usBpo8isfAtl1g,folklore (deluxe version),0.59,0.379,0,-8.717,1,0.0255,0.544,0.0,0.0983,0.467,96.029,https://api.spotify.com/v1/audio-analysis/7w0hHA41usBpo8isfAtl1g
234000,False,{'spotify': 'https://open.spotify.com/track/3YT3zOo7VgAlvW1yOUMXDg'},peace,15,spotify:track:3YT3zOo7VgAlvW1yOUMXDg,folklore (deluxe version),0.651,0.269,5,-12.912,1,0.0983,0.918,2.17e-05,0.0918,0.334,150.033,https://api.spotify.com/v1/audio-analysis/3YT3zOo7VgAlvW1yOUMXDg
220042,False,{'spotify': 'https://open.spotify.com/track/6S5C2Cdmzn9bxlmLQYoXyU'},hoax,16,spotify:track:6S5C2Cdmzn9bxlmLQYoXyU,folklore (deluxe version),0.662,0.181,8,-15.065,1,0.0415,0.966,3.86e-06,0.133,0.429,118.819,https://api.spotify.com/v1/audio-analysis/6S5C2Cdmzn9bxlmLQYoXyU
211798,False,{'spotify': 'https://open.spotify.com/track/5dwQhzeE8LXpl9sbZJZmQS'},the lakes - bonus track,17,spotify:track:5dwQhzeE8LXpl9sbZJZmQS,folklore (deluxe version),0.509,0.262,2,-11.531,1,0.0311,0.85,1.68e-06,0.0851,0.287,89.846,https://api.spotify.com/v1/audio-analysis/5dwQhzeE8LXpl9sbZJZmQS
170640,False,{'spotify': 'https://open.spotify.com/track/43rA71bccXFGD4C8GOpIlN'},I Forgot That You Existed,1,spotify:track:43rA71bccXFGD4C8GOpIlN,Lover,0.664,0.316,5,-10.345,1,0.519,0.298,2.03e-06,0.0812,0.541,92.875,https://api.spotify.com/v1/audio-analysis/43rA71bccXFGD4C8GOpIlN
178426,False,{'spotify': 'https://open.spotify.com/track/1BxfuPKGuaTgP7aM0Bbdwr'},Cruel Summer,2,spotify:track:1BxfuPKGuaTgP7aM0Bbdwr,Lover,0.552,0.702,9,-5.707,1,0.157,0.117,2.06e-05,0.105,0.564,169.994,https://api.spotify.com/v1/audio-analysis/1BxfuPKGuaTgP7aM0Bbdwr
221306,False,{'spotify': 'https://open.spotify.com/track/1dGr1c8CrMLDpV6mPbImSI'},Lover,3,spotify:track:1dGr1c8CrMLDpV6mPbImSI,Lover,0.359,0.543,7,-7.582,1,0.0919,0.492,1.58e-05,0.118,0.453,68.534,https://api.spotify.com/v1/audio-analysis/1dGr1c8CrMLDpV6mPbImSI
190360,False,{'spotify': 'https://open.spotify.com/track/3RauEVgRgj1IuWdJ9fDs70'},The Man,4,spotify:track:3RauEVgRgj1IuWdJ9fDs70,Lover,0.777,0.658,0,-5.191,1,0.054,0.0767,0.0,0.0901,0.633,110.048,https://api.spotify.com/v1/audio-analysis/3RauEVgRgj1IuWdJ9fDs70
211240,False,{'spotify': 'https://open.spotify.com/track/3pHkh7d0lzM2AldUtz2x37'},The Archer,5,spotify:track:3pHkh7d0lzM2AldUtz2x37,Lover,0.292,0.574,0,-9.375,1,0.0401,0.12,0.00569,0.0663,0.166,124.344,https://api.spotify.com/v1/audio-analysis/3pHkh7d0lzM2AldUtz2x37
173386,False,{'spotify': 'https://open.spotify.com/track/2YWtcWi3a83pdEg3Gif4Pd'},I Think He Knows,6,spotify:track:2YWtcWi3a83pdEg3Gif4Pd,Lover,0.897,0.366,0,-8.029,1,0.0569,0.00889,0.000353,0.0715,0.416,100.003,https://api.spotify.com/v1/audio-analysis/2YWtcWi3a83pdEg3Gif4Pd
234146,False,{'spotify': 'https://open.spotify.com/track/214nt20w5wOxJnY462klLw'},Miss Americana & The Heartbreak Prince,7,spotify:track:214nt20w5wOxJnY462klLw,Lover,0.662,0.747,11,-6.926,0,0.0736,0.028,0.00615,0.138,0.487,150.088,https://api.spotify.com/v1/audio-analysis/214nt20w5wOxJnY462klLw
222400,False,{'spotify': 'https://open.spotify.com/track/4y5bvROuBDPr5fuwXbIBZR'},Paper Rings,8,spotify:track:4y5bvROuBDPr5fuwXbIBZR,Lover,0.811,0.719,9,-6.553,1,0.0497,0.0129,1.36e-05,0.0742,0.865,103.979,https://api.spotify.com/v1/audio-analysis/4y5bvROuBDPr5fuwXbIBZR
287266,False,{'spotify': 'https://open.spotify.com/track/12M5uqx0ZuwkpLp5rJim1a'},Cornelia Street,9,spotify:track:12M5uqx0ZuwkpLp5rJim1a,Lover,0.824,0.624,0,-9.728,1,0.0827,0.781,0.000189,0.1,0.248,102.012,https://api.spotify.com/v1/audio-analysis/12M5uqx0ZuwkpLp5rJim1a
198533,False,{'spotify': 'https://open.spotify.com/track/2dgFqt3w9xIQRjhPtwNk3D'},Death By A Thousand Cuts,10,spotify:track:2dgFqt3w9xIQRjhPtwNk3D,Lover,0.712,0.732,4,-6.754,1,0.0629,0.454,0.0,0.319,0.313,94.071,https://api.spotify.com/v1/audio-analysis/2dgFqt3w9xIQRjhPtwNk3D
190240,False,{'spotify': 'https://open.spotify.com/track/1LLXZFeAHK9R4xUramtUKw'},London Boy,11,spotify:track:1LLXZFeAHK9R4xUramtUKw,Lover,0.695,0.71,1,-6.639,1,0.05,0.0246,0.000104,0.133,0.557,157.925,https://api.spotify.com/v1/audio-analysis/1LLXZFeAHK9R4xUramtUKw
201586,False,{'spotify': 'https://open.spotify.com/track/4AYtqFyFbX0Xkc2wtcygTr'},Soon You’ll Get Better (feat. The Chicks),12,spotify:track:4AYtqFyFbX0Xkc2wtcygTr,Lover,0.433,0.182,0,-12.566,1,0.0641,0.907,0.0,0.123,0.421,207.476,https://api.spotify.com/v1/audio-analysis/4AYtqFyFbX0Xkc2wtcygTr
200306,False,{'spotify': 'https://open.spotify.com/track/5hQSXkFgbxjZo9uCwd11so'},False God,13,spotify:track:5hQSXkFgbxjZo9uCwd11so,Lover,0.739,0.32,11,-10.862,0,0.239,0.736,0.000147,0.111,0.351,79.97,https://api.spotify.com/v1/audio-analysis/5hQSXkFgbxjZo9uCwd11so
171360,False,{'spotify': 'https://open.spotify.com/track/6RRNNciQGZEXnqk8SQ9yv5'},You Need To Calm Down,14,spotify:track:6RRNNciQGZEXnqk8SQ9yv5,Lover,0.771,0.671,2,-5.617,1,0.0553,0.00929,0.0,0.0637,0.714,85.026,https://api.spotify.com/v1/audio-analysis/6RRNNciQGZEXnqk8SQ9yv5
223293,False,{'spotify': 'https://open.spotify.com/track/1SymEzIT3H8UZfibCs3TYi'},Afterglow,15,spotify:track:1SymEzIT3H8UZfibCs3TYi,Lover,0.756,0.449,9,-8.746,1,0.0344,0.13,0.0,0.114,0.399,111.011,https://api.spotify.com/v1/audio-analysis/1SymEzIT3H8UZfibCs3TYi
193000,False,{'spotify': 'https://open.spotify.com/track/2Rk4JlNc2TPmZe2af99d45'},ME! (feat. Brendon Urie of Panic! At The Disco),16,spotify:track:2Rk4JlNc2TPmZe2af99d45,Lover,0.61,0.83,0,-4.105,1,0.0571,0.033,0.0,0.118,0.728,182.162,https://api.spotify.com/v1/audio-analysis/2Rk4JlNc2TPmZe2af99d45
150440,False,{'spotify': 'https://open.spotify.com/track/1SmiQ65iSAbPto6gPFlBYm'},It’s Nice To Have A Friend,17,spotify:track:1SmiQ65iSAbPto6gPFlBYm,Lover,0.737,0.175,10,-9.912,1,0.0401,0.971,0.000337,0.171,0.545,70.008,https://api.spotify.com/v1/audio-analysis/1SmiQ65iSAbPto6gPFlBYm
293453,False,{'spotify': 'https://open.spotify.com/track/1fzAuUVbzlhZ1lJAx9PtY6'},Daylight,18,spotify:track:1fzAuUVbzlhZ1lJAx9PtY6,Lover,0.557,0.496,0,-9.602,1,0.0563,0.808,0.000173,0.0772,0.265,149.983,https://api.spotify.com/v1/audio-analysis/1fzAuUVbzlhZ1lJAx9PtY6
208186,False,{'spotify': 'https://open.spotify.com/track/2yLa0QULdQr0qAIvVwN6B5'},...Ready For It?,1,spotify:track:2yLa0QULdQr0qAIvVwN6B5,reputation,0.613,0.764,2,-6.509,1,0.136,0.0527,0.0,0.197,0.417,160.015,https://api.spotify.com/v1/audio-analysis/2yLa0QULdQr0qAIvVwN6B5
244826,False,{'spotify': 'https://open.spotify.com/track/2x0WlnmfG39ZuDmstl9xfX'},End Game,2,spotify:track:2x0WlnmfG39ZuDmstl9xfX,reputation,0.649,0.589,2,-6.237,1,0.0558,0.00845,0.0,0.108,0.151,159.073,https://api.spotify.com/v1/audio-analysis/2x0WlnmfG39ZuDmstl9xfX
238253,False,{'spotify': 'https://open.spotify.com/track/4svZDCRz4cJoneBpjpx8DJ'},I Did Something Bad,3,spotify:track:4svZDCRz4cJoneBpjpx8DJ,reputation,0.696,0.602,0,-6.156,0,0.159,0.0679,2.11e-05,0.0696,0.305,82.989,https://api.spotify.com/v1/audio-analysis/4svZDCRz4cJoneBpjpx8DJ
236413,False,{'spotify': 'https://open.spotify.com/track/1R0a2iXumgCiFb7HEZ7gUE'},Don’t Blame Me,4,spotify:track:1R0a2iXumgCiFb7HEZ7gUE,reputation,0.615,0.534,9,-6.719,0,0.0386,0.106,1.76e-05,0.0607,0.193,135.917,https://api.spotify.com/v1/audio-analysis/1R0a2iXumgCiFb7HEZ7gUE
232253,False,{'spotify': 'https://open.spotify.com/track/6NFyWDv5CjfwuzoCkw47Xf'},Delicate,5,spotify:track:6NFyWDv5CjfwuzoCkw47Xf,reputation,0.75,0.404,9,-10.178,0,0.0682,0.216,0.000357,0.0911,0.0499,95.045,https://api.spotify.com/v1/audio-analysis/6NFyWDv5CjfwuzoCkw47Xf
211853,False,{'spotify': 'https://open.spotify.com/track/1P17dC1amhFzptugyAO7Il'},Look What You Made Me Do,6,spotify:track:1P17dC1amhFzptugyAO7Il,reputation,0.766,0.709,9,-6.471,0,0.123,0.204,1.41e-05,0.126,0.506,128.07,https://api.spotify.com/v1/audio-analysis/1P17dC1amhFzptugyAO7Il
227906,False,{'spotify': 'https://open.spotify.com/track/5PxFv9yJEg9dxvbZggykro'},So It Goes...,7,spotify:track:5PxFv9yJEg9dxvbZggykro,reputation,0.574,0.61,2,-7.283,1,0.0732,0.122,1.1e-06,0.13,0.374,74.957,https://api.spotify.com/v1/audio-analysis/5PxFv9yJEg9dxvbZggykro
209680,False,{'spotify': 'https://open.spotify.com/track/1ZY1PqizIl78geGM4xWlEA'},Gorgeous,8,spotify:track:1ZY1PqizIl78geGM4xWlEA,reputation,0.8,0.535,7,-6.684,1,0.135,0.0713,9.48e-06,0.213,0.451,92.027,https://api.spotify.com/v1/audio-analysis/1ZY1PqizIl78geGM4xWlEA
233626,False,{'spotify': 'https://open.spotify.com/track/0VE4kBnHJUgtMf0dy6DRmW'},Getaway Car,9,spotify:track:0VE4kBnHJUgtMf0dy6DRmW,reputation,0.562,0.689,2,-6.745,1,0.127,0.00465,2.23e-06,0.0888,0.351,172.054,https://api.spotify.com/v1/audio-analysis/0VE4kBnHJUgtMf0dy6DRmW
214320,False,{'spotify': 'https://open.spotify.com/track/7HuBDWi18s4aJM8UFnNheH'},King Of My Heart,10,spotify:track:7HuBDWi18s4aJM8UFnNheH,reputation,0.675,0.703,0,-7.902,1,0.0382,0.00882,2.21e-06,0.0391,0.314,110.01,https://api.spotify.com/v1/audio-analysis/7HuBDWi18s4aJM8UFnNheH
211506,False,{'spotify': 'https://open.spotify.com/track/7I7JbDv63ZJJsSi24DyJrz'},Dancing With Our Hands Tied,11,spotify:track:7I7JbDv63ZJJsSi24DyJrz,reputation,0.624,0.691,0,-6.686,0,0.196,0.0604,1.1e-05,0.138,0.284,160.024,https://api.spotify.com/v1/audio-analysis/7I7JbDv63ZJJsSi24DyJrz
230373,False,{'spotify': 'https://open.spotify.com/track/6oVxXO5oQ4pTpO8RSnkzvv'},Dress,12,spotify:track:6oVxXO5oQ4pTpO8RSnkzvv,reputation,0.719,0.469,0,-8.792,1,0.0533,0.0329,0.0,0.169,0.0851,120.085,https://api.spotify.com/v1/audio-analysis/6oVxXO5oQ4pTpO8RSnkzvv
207133,False,{'spotify': 'https://open.spotify.com/track/07NxDD1iKCHbAldceD7QLP'},This Is Why We Can't Have Nice Things,13,spotify:track:07NxDD1iKCHbAldceD7QLP,reputation,0.567,0.789,5,-5.986,1,0.115,0.0156,0.0,0.382,0.438,163.96,https://api.spotify.com/v1/audio-analysis/07NxDD1iKCHbAldceD7QLP
203506,False,{'spotify': 'https://open.spotify.com/track/1GwMQaZz6Au3QLDbjbMdme'},Call It What You Want,14,spotify:track:1GwMQaZz6Au3QLDbjbMdme,reputation,0.598,0.504,9,-9.874,1,0.0731,0.186,0.000221,0.34,0.252,163.954,https://api.spotify.com/v1/audio-analysis/1GwMQaZz6Au3QLDbjbMdme
235466,False,{'spotify': 'https://open.spotify.com/track/7F5oktn5YOsR9eR5YsFtqb'},New Year’s Day,15,spotify:track:7F5oktn5YOsR9eR5YsFtqb,reputation,0.661,0.151,0,-12.864,1,0.0354,0.921,0.0,0.13,0.23,94.922,https://api.spotify.com/v1/audio-analysis/7F5oktn5YOsR9eR5YsFtqb
212600,False,{'spotify': 'https://open.spotify.com/track/33Kq0AT5rvwyE4azisG08x'},Welcome To New York,1,spotify:track:33Kq0AT5rvwyE4azisG08x,1989 (Deluxe Edition),0.789,0.634,7,-4.762,1,0.0323,0.0348,1.64e-06,0.302,0.658,116.992,https://api.spotify.com/v1/audio-analysis/33Kq0AT5rvwyE4azisG08x
231826,False,{'spotify': 'https://open.spotify.com/track/2sC2P3BN0IXujNaaSyDmtP'},Blank Space,2,spotify:track:2sC2P3BN0IXujNaaSyDmtP,1989 (Deluxe Edition),0.76,0.703,5,-5.412,1,0.054,0.103,0.0,0.0913,0.57,95.997,https://api.spotify.com/v1/audio-analysis/2sC2P3BN0IXujNaaSyDmtP
231000,False,{'spotify': 'https://open.spotify.com/track/1fo2ctLqj3zBhRQKOXprol'},Style,3,spotify:track:1fo2ctLqj3zBhRQKOXprol,1989 (Deluxe Edition),0.588,0.791,7,-5.595,1,0.0402,0.00245,0.00258,0.118,0.487,94.933,https://api.spotify.com/v1/audio-analysis/1fo2ctLqj3zBhRQKOXprol
235800,False,{'spotify': 'https://open.spotify.com/track/6Nde5KuTXyB7jlPO4upaBo'},Out Of The Woods,4,spotify:track:6Nde5KuTXyB7jlPO4upaBo,1989 (Deluxe Edition),0.553,0.841,7,-6.937,1,0.0396,0.000743,1.19e-05,0.341,0.338,92.008,https://api.spotify.com/v1/audio-analysis/6Nde5KuTXyB7jlPO4upaBo
193293,False,{'spotify': 'https://open.spotify.com/track/0lmMtDQ2ElasKU2qDAE6NN'},All You Had To Do Was Stay,5,spotify:track:0lmMtDQ2ElasKU2qDAE6NN,1989 (Deluxe Edition),0.605,0.725,5,-5.729,1,0.0323,0.00201,2.02e-05,0.101,0.539,96.97,https://api.spotify.com/v1/audio-analysis/0lmMtDQ2ElasKU2qDAE6NN
219200,False,{'spotify': 'https://open.spotify.com/track/3fthfkkvy9av3q3uAGVf7U'},Shake It Off,6,spotify:track:3fthfkkvy9av3q3uAGVf7U,1989 (Deluxe Edition),0.647,0.8,7,-5.384,1,0.165,0.0647,0.0,0.334,0.942,160.078,https://api.spotify.com/v1/audio-analysis/3fthfkkvy9av3q3uAGVf7U
207440,False,{'spotify': 'https://open.spotify.com/track/1B5VzXPqMlvRw0U4HJY3dJ'},I Wish You Would,7,spotify:track:1B5VzXPqMlvRw0U4HJY3dJ,1989 (Deluxe Edition),0.653,0.893,0,-5.966,1,0.0538,0.0158,4.95e-05,0.102,0.513,118.035,https://api.spotify.com/v1/audio-analysis/1B5VzXPqMlvRw0U4HJY3dJ
211933,False,{'spotify': 'https://open.spotify.com/track/0yN4fNzmVnmgC0dsOoi9Wh'},Bad Blood,8,spotify:track:0yN4fNzmVnmgC0dsOoi9Wh,1989 (Deluxe Edition),0.646,0.794,7,-6.104,1,0.19,0.0885,6.16e-06,0.201,0.287,170.216,https://api.spotify.com/v1/audio-analysis/0yN4fNzmVnmgC0dsOoi9Wh
220440,False,{'spotify': 'https://open.spotify.com/track/106R7Z57WYzBAfrXImV30y'},Wildest Dreams,9,spotify:track:106R7Z57WYzBAfrXImV30y,1989 (Deluxe Edition),0.55,0.688,8,-7.416,1,0.0897,0.0692,0.00144,0.106,0.465,139.997,https://api.spotify.com/v1/audio-analysis/106R7Z57WYzBAfrXImV30y
247533,False,{'spotify': 'https://open.spotify.com/track/6wfugRLamFsTRbPcCpNnP7'},How You Get The Girl,10,spotify:track:6wfugRLamFsTRbPcCpNnP7,1989 (Deluxe Edition),0.765,0.656,5,-6.112,1,0.0504,0.00364,0.00868,0.0918,0.545,119.997,https://api.spotify.com/v1/audio-analysis/6wfugRLamFsTRbPcCpNnP7
250093,False,{'spotify': 'https://open.spotify.com/track/1kTPQnabROVkW9bUXdCGrB'},This Love,11,spotify:track:1kTPQnabROVkW9bUXdCGrB,1989 (Deluxe Edition),0.481,0.435,4,-8.795,1,0.0321,0.678,0.0,0.0928,0.107,143.95,https://api.spotify.com/v1/audio-analysis/1kTPQnabROVkW9bUXdCGrB
195706,False,{'spotify': 'https://open.spotify.com/track/2zfgVd034GlUvk7LqBHl6u'},I Know Places,12,spotify:track:2zfgVd034GlUvk7LqBHl6u,1989 (Deluxe Edition),0.602,0.755,0,-4.991,1,0.071,0.245,0.0,0.178,0.495,159.965,https://api.spotify.com/v1/audio-analysis/2zfgVd034GlUvk7LqBHl6u
271000,False,{'spotify': 'https://open.spotify.com/track/4bXCcoesMt8u99xMsbLr9U'},Clean,13,spotify:track:4bXCcoesMt8u99xMsbLr9U,1989 (Deluxe Edition),0.815,0.377,4,-7.754,1,0.0346,0.232,0.0,0.1,0.211,103.97,https://api.spotify.com/v1/audio-analysis/4bXCcoesMt8u99xMsbLr9U
245560,False,{'spotify': 'https://open.spotify.com/track/6iWMI5oOhWrDbLbjmwTWFq'},Wonderland,14,spotify:track:6iWMI5oOhWrDbLbjmwTWFq,1989 (Deluxe Edition),0.422,0.692,3,-5.447,1,0.0549,0.0493,2.57e-05,0.177,0.197,184.014,https://api.spotify.com/v1/audio-analysis/6iWMI5oOhWrDbLbjmwTWFq
267106,False,{'spotify': 'https://open.spotify.com/track/4A2LfnduSTsE8u0ecYROxE'},You Are In Love,15,spotify:track:4A2LfnduSTsE8u0ecYROxE,1989 (Deluxe Edition),0.474,0.48,2,-8.894,1,0.0622,0.707,0.000108,0.0903,0.319,170.109,https://api.spotify.com/v1/audio-analysis/4A2LfnduSTsE8u0ecYROxE
230466,False,{'spotify': 'https://open.spotify.com/track/6rZVy6FIG7lSJQMFXHo12z'},New Romantics,16,spotify:track:6rZVy6FIG7lSJQMFXHo12z,1989 (Deluxe Edition),0.633,0.889,5,-5.87,1,0.0715,0.00463,0.000458,0.0658,0.584,121.956,https://api.spotify.com/v1/audio-analysis/6rZVy6FIG7lSJQMFXHo12z
216333,False,{'spotify': 'https://open.spotify.com/track/4JQm7ebhsrt10wmrP6AfXL'},I Know Places - Voice Memo,17,spotify:track:4JQm7ebhsrt10wmrP6AfXL,1989 (Deluxe Edition),0.592,0.128,9,-17.932,0,0.589,0.829,0.0,0.527,0.15,78.828,https://api.spotify.com/v1/audio-analysis/4JQm7ebhsrt10wmrP6AfXL
107133,False,{'spotify': 'https://open.spotify.com/track/4TtyvyI42C0KFnbDZvNC8Y'},I Wish You Would - Voice Memo,18,spotify:track:4TtyvyI42C0KFnbDZvNC8Y,1989 (Deluxe Edition),0.781,0.357,0,-16.394,1,0.912,0.717,0.0,0.185,0.645,118.317,https://api.spotify.com/v1/audio-analysis/4TtyvyI42C0KFnbDZvNC8Y
131186,False,{'spotify': 'https://open.spotify.com/track/0yisH8r0f3Mkq34kjzUlCV'},Blank Space - Voice Memo,19,spotify:track:0yisH8r0f3Mkq34kjzUlCV,1989 (Deluxe Edition),0.675,0.234,5,-15.064,0,0.721,0.801,0.0,0.657,0.578,127.296,https://api.spotify.com/v1/audio-analysis/0yisH8r0f3Mkq34kjzUlCV
230706,False,{'spotify': 'https://open.spotify.com/track/6LZaxlycSWrJZ4Volb25qx'},Mine,1,spotify:track:6LZaxlycSWrJZ4Volb25qx,Speak Now (Deluxe Edition),0.624,0.757,7,-2.94,1,0.0296,0.00265,1.87e-06,0.189,0.658,121.07,https://api.spotify.com/v1/audio-analysis/6LZaxlycSWrJZ4Volb25qx
260933,False,{'spotify': 'https://open.spotify.com/track/1q8E1FfFuhd12c5JcJwPxQ'},Sparks Fly,2,spotify:track:1q8E1FfFuhd12c5JcJwPxQ,Speak Now (Deluxe Edition),0.605,0.787,5,-3.002,1,0.0308,0.0396,1.42e-06,0.163,0.374,114.987,https://api.spotify.com/v1/audio-analysis/1q8E1FfFuhd12c5JcJwPxQ
293026,False,{'spotify': 'https://open.spotify.com/track/7lxADouiWFkwR7ZV2GKUcH'},Back To December,3,spotify:track:7lxADouiWFkwR7ZV2GKUcH,Speak Now (Deluxe Edition),0.529,0.67,2,-4.663,1,0.0303,0.117,0.0,0.334,0.286,141.893,https://api.spotify.com/v1/audio-analysis/7lxADouiWFkwR7ZV2GKUcH
240760,False,{'spotify': 'https://open.spotify.com/track/1nYWTzy5zu3zEPNgB1sItW'},Speak Now,4,spotify:track:1nYWTzy5zu3zEPNgB1sItW,Speak Now (Deluxe Edition),0.709,0.599,7,-3.734,1,0.0304,0.095,0.0,0.0973,0.735,118.975,https://api.spotify.com/v1/audio-analysis/1nYWTzy5zu3zEPNgB1sItW
403920,False,{'spotify': 'https://open.spotify.com/track/1ubvV5ECkm6nSI6g1HmbBK'},Dear John,5,spotify:track:1ubvV5ECkm6nSI6g1HmbBK,Speak Now (Deluxe Edition),0.589,0.47,4,-5.32,1,0.028,0.166,1.45e-06,0.112,0.102,119.386,https://api.spotify.com/v1/audio-analysis/1ubvV5ECkm6nSI6g1HmbBK
237733,False,{'spotify': 'https://open.spotify.com/track/4N60XfcTE1ysLZGbYgnYXq'},Mean,6,spotify:track:4N60XfcTE1ysLZGbYgnYXq,Speak Now (Deluxe Edition),0.568,0.761,4,-3.987,1,0.0459,0.452,0.0,0.217,0.789,163.974,https://api.spotify.com/v1/audio-analysis/4N60XfcTE1ysLZGbYgnYXq
265666,False,{'spotify': 'https://open.spotify.com/track/19tHCfzUSoy5HkpxcmbA0A'},The Story Of Us,7,spotify:track:19tHCfzUSoy5HkpxcmbA0A,Speak Now (Deluxe Edition),0.543,0.818,4,-3.611,1,0.0398,0.00478,0.000368,0.0357,0.683,139.898,https://api.spotify.com/v1/audio-analysis/19tHCfzUSoy5HkpxcmbA0A
290466,False,{'spotify': 'https://open.spotify.com/track/74WBGgUnpKrJXt6TETfR6Z'},Never Grow Up,8,spotify:track:74WBGgUnpKrJXt6TETfR6Z,Speak Now (Deluxe Edition),0.714,0.305,2,-8.837,1,0.0305,0.819,0.0,0.174,0.554,124.91,https://api.spotify.com/v1/audio-analysis/74WBGgUnpKrJXt6TETfR6Z
352186,False,{'spotify': 'https://open.spotify.com/track/14LtANuaslKWyYbktUrHBU'},Enchanted,9,spotify:track:14LtANuaslKWyYbktUrHBU,Speak Now (Deluxe Edition),0.455,0.623,8,-3.878,1,0.0288,0.0739,0.000424,0.146,0.208,163.893,https://api.spotify.com/v1/audio-analysis/14LtANuaslKWyYbktUrHBU
217160,False,{'spotify': 'https://open.spotify.com/track/1By2VQkUN0Frd8mKNV5NYC'},Better Than Revenge,10,spotify:track:1By2VQkUN0Frd8mKNV5NYC,Speak Now (Deluxe Edition),0.516,0.917,11,-3.186,0,0.0827,0.0139,6.37e-06,0.36,0.635,145.821,https://api.spotify.com/v1/audio-analysis/1By2VQkUN0Frd8mKNV5NYC
302253,False,{'spotify': 'https://open.spotify.com/track/3kfgJql90tzgoxByioAMXR'},Innocent,11,spotify:track:3kfgJql90tzgoxByioAMXR,Speak Now (Deluxe Edition),0.552,0.608,1,-5.29,0,0.0259,0.186,0.0,0.125,0.17,134.05,https://api.spotify.com/v1/audio-analysis/3kfgJql90tzgoxByioAMXR
242080,False,{'spotify': 'https://open.spotify.com/track/11UaQaEp2LvdspTyyuE3ur'},Haunted,12,spotify:track:11UaQaEp2LvdspTyyuE3ur,Speak Now (Deluxe Edition),0.436,0.95,5,-2.627,1,0.057,0.0826,1.08e-06,0.149,0.352,162.088,https://api.spotify.com/v1/audio-analysis/11UaQaEp2LvdspTyyuE3ur
367133,False,{'spotify': 'https://open.spotify.com/track/1D27z8xNzjW0Mwwt1NCWhJ'},Last Kiss,13,spotify:track:1D27z8xNzjW0Mwwt1NCWhJ,Speak Now (Deluxe Edition),0.371,0.341,10,-9.475,1,0.0319,0.57,3.09e-05,0.101,0.196,89.038,https://api.spotify.com/v1/audio-analysis/1D27z8xNzjW0Mwwt1NCWhJ
317453,False,{'spotify': 'https://open.spotify.com/track/7DjCRhhFo9PPzca1BjMLcf'},Long Live,14,spotify:track:7DjCRhhFo9PPzca1BjMLcf,Speak Now (Deluxe Edition),0.418,0.68,7,-4.3,1,0.0347,0.036,7.59e-05,0.114,0.142,204.12,https://api.spotify.com/v1/audio-analysis/7DjCRhhFo9PPzca1BjMLcf
237920,False,{'spotify': 'https://open.spotify.com/track/1EQn3Uc5AyUXoiPLeyCrrg'},Ours,15,spotify:track:1EQn3Uc5AyUXoiPLeyCrrg,Speak Now (Deluxe Edition),0.608,0.569,0,-7.227,1,0.0284,0.537,0.0,0.097,0.238,159.845,https://api.spotify.com/v1/audio-analysis/1EQn3Uc5AyUXoiPLeyCrrg
234546,False,{'spotify': 'https://open.spotify.com/track/0vvt4IZOMkRug195S4MUq0'},If This Was A Movie,16,spotify:track:0vvt4IZOMkRug195S4MUq0,Speak Now (Deluxe Edition),0.511,0.719,4,-3.457,1,0.0265,0.166,4.54e-06,0.34,0.289,147.852,https://api.spotify.com/v1/audio-analysis/0vvt4IZOMkRug195S4MUq0
275960,False,{'spotify': 'https://open.spotify.com/track/2R7C9dDqv1UPycvepBFziA'},Superman,17,spotify:track:2R7C9dDqv1UPycvepBFziA,Speak Now (Deluxe Edition),0.582,0.765,7,-3.648,1,0.0324,0.0268,1.95e-06,0.103,0.559,131.982,https://api.spotify.com/v1/audio-analysis/2R7C9dDqv1UPycvepBFziA
292560,False,{'spotify': 'https://open.spotify.com/track/6IH2Z54gYPLqgJtxZjX80i'},Back To December - Acoustic,18,spotify:track:6IH2Z54gYPLqgJtxZjX80i,Speak Now (Deluxe Edition),0.541,0.453,2,-6.459,1,0.0266,0.748,0.0,0.2,0.377,141.757,https://api.spotify.com/v1/audio-analysis/6IH2Z54gYPLqgJtxZjX80i
217613,False,{'spotify': 'https://open.spotify.com/track/62rlxI6g2PNaWsHoiRryto'},Haunted - Acoustic Version,19,spotify:track:62rlxI6g2PNaWsHoiRryto,Speak Now (Deluxe Edition),0.563,0.443,5,-5.078,1,0.0247,0.842,0.0,0.293,0.313,80.962,https://api.spotify.com/v1/audio-analysis/62rlxI6g2PNaWsHoiRryto
230333,False,{'spotify': 'https://open.spotify.com/track/0fAbfDiuQiUwV7FUcFfRGY'},Mine - POP Mix,20,spotify:track:0fAbfDiuQiUwV7FUcFfRGY,Speak Now (Deluxe Edition),0.695,0.723,7,-3.806,1,0.0285,0.00727,1.2e-06,0.1,0.679,121.011,https://api.spotify.com/v1/audio-analysis/0fAbfDiuQiUwV7FUcFfRGY
232106,False,{'spotify': 'https://open.spotify.com/track/0Om9WAB5RS09L80DyOfTNa'},Tim McGraw,1,spotify:track:0Om9WAB5RS09L80DyOfTNa,Taylor Swift,0.58,0.491,0,-6.462,1,0.0251,0.575,0.0,0.121,0.425,76.009,https://api.spotify.com/v1/audio-analysis/0Om9WAB5RS09L80DyOfTNa
173066,False,{'spotify': 'https://open.spotify.com/track/32mVHdy0bi1XKgr0ajsBlG'},Picture To Burn,2,spotify:track:32mVHdy0bi1XKgr0ajsBlG,Taylor Swift,0.658,0.877,7,-2.098,1,0.0323,0.173,0.0,0.0962,0.821,105.586,https://api.spotify.com/v1/audio-analysis/32mVHdy0bi1XKgr0ajsBlG
203040,False,{'spotify': 'https://open.spotify.com/track/7zMcNqs55Mxer82bvZFkpg'},Teardrops On My Guitar - Radio Single Remix,3,spotify:track:7zMcNqs55Mxer82bvZFkpg,Taylor Swift,0.621,0.417,10,-6.941,1,0.0231,0.288,0.0,0.119,0.289,99.953,https://api.spotify.com/v1/audio-analysis/7zMcNqs55Mxer82bvZFkpg
199200,False,{'spotify': 'https://open.spotify.com/track/73OX8GdpOeGzKC6OvGSbsv'},A Place in this World,4,spotify:track:73OX8GdpOeGzKC6OvGSbsv,Taylor Swift,0.576,0.777,9,-2.881,1,0.0324,0.051,0.0,0.32,0.428,115.028,https://api.spotify.com/v1/audio-analysis/73OX8GdpOeGzKC6OvGSbsv
239013,False,{'spotify': 'https://open.spotify.com/track/7an1exwMnfYRcdVQm0yDev'},Cold As You,5,spotify:track:7an1exwMnfYRcdVQm0yDev,Taylor Swift,0.418,0.482,5,-5.769,1,0.0266,0.217,0.0,0.123,0.261,175.558,https://api.spotify.com/v1/audio-analysis/7an1exwMnfYRcdVQm0yDev
207106,False,{'spotify': 'https://open.spotify.com/track/2QA3IixpRcKyOdG7XDzRgv'},The Outside,6,spotify:track:2QA3IixpRcKyOdG7XDzRgv,Taylor Swift,0.589,0.805,5,-4.055,1,0.0293,0.00491,0.0,0.24,0.591,112.982,https://api.spotify.com/v1/audio-analysis/2QA3IixpRcKyOdG7XDzRgv
248106,False,{'spotify': 'https://open.spotify.com/track/6K0CJLVXqbGMeJSmJ4ENKK'},Tied Together with a Smile,7,spotify:track:6K0CJLVXqbGMeJSmJ4ENKK,Taylor Swift,0.479,0.578,2,-4.963,1,0.0294,0.525,0.0,0.0841,0.192,146.165,https://api.spotify.com/v1/audio-analysis/6K0CJLVXqbGMeJSmJ4ENKK
236053,False,{'spotify': 'https://open.spotify.com/track/2ZoOmCSgj0ypVAmGd1ve4y'},Stay Beautiful,8,spotify:track:2ZoOmCSgj0ypVAmGd1ve4y,Taylor Swift,0.594,0.629,8,-4.919,1,0.0246,0.0868,0.0,0.137,0.504,131.597,https://api.spotify.com/v1/audio-analysis/2ZoOmCSgj0ypVAmGd1ve4y
242200,False,{'spotify': 'https://open.spotify.com/track/16MVSD0mGI4RMQT83Qzm69'},Should've Said No,9,spotify:track:16MVSD0mGI4RMQT83Qzm69,Taylor Swift,0.476,0.777,4,-3.771,0,0.0289,0.0103,0.0,0.196,0.472,167.964,https://api.spotify.com/v1/audio-analysis/16MVSD0mGI4RMQT83Qzm69
213080,False,{'spotify': 'https://open.spotify.com/track/2QrQCMel6v2JiLxqrg4p2O'},Mary's Song (Oh My My My),10,spotify:track:2QrQCMel6v2JiLxqrg4p2O,Taylor Swift,0.403,0.627,2,-5.28,1,0.0292,0.0177,0.0,0.182,0.374,74.9,https://api.spotify.com/v1/audio-analysis/2QrQCMel6v2JiLxqrg4p2O
201106,False,{'spotify': 'https://open.spotify.com/track/15DeqWWQB4dcEWzJg15VrN'},Our Song,11,spotify:track:15DeqWWQB4dcEWzJg15VrN,Taylor Swift,0.668,0.672,2,-4.931,1,0.0303,0.111,0.0,0.329,0.539,89.011,https://api.spotify.com/v1/audio-analysis/15DeqWWQB4dcEWzJg15VrN
213053,False,{'spotify': 'https://open.spotify.com/track/0JIdBrXGSJXS72zjF9ss9u'},I'm Only Me When I'm With You,12,spotify:track:0JIdBrXGSJXS72zjF9ss9u,Taylor Swift,0.563,0.934,8,-3.629,1,0.0646,0.00452,0.000807,0.103,0.518,143.964,https://api.spotify.com/v1/audio-analysis/0JIdBrXGSJXS72zjF9ss9u
203226,False,{'spotify': 'https://open.spotify.com/track/5OOd01o2YS1QFwdpVLds3r'},Invisible,13,spotify:track:5OOd01o2YS1QFwdpVLds3r,Taylor Swift,0.612,0.394,7,-5.723,1,0.0243,0.637,0.0,0.147,0.233,96.001,https://api.spotify.com/v1/audio-analysis/5OOd01o2YS1QFwdpVLds3r
220146,False,{'spotify': 'https://open.spotify.com/track/1spLfUJxtyVyiKKTegQ2r4'},A Perfectly Good Heart,14,spotify:track:1spLfUJxtyVyiKKTegQ2r4,Taylor Swift,0.483,0.751,4,-5.726,1,0.0365,0.00349,0.0,0.128,0.268,156.092,https://api.spotify.com/v1/audio-analysis/1spLfUJxtyVyiKKTegQ2r4
179066,False,{'spotify': 'https://open.spotify.com/track/4pJi1rVt9GNegU9kywjg4z'},Teardrops on My Guitar - Pop Version,15,spotify:track:4pJi1rVt9GNegU9kywjg4z,Taylor Swift,0.459,0.753,10,-3.827,1,0.0537,0.0402,0.0,0.0863,0.483,199.997,https://api.spotify.com/v1/audio-analysis/4pJi1rVt9GNegU9kywjg4z
